Epuret Moses Obuya,2021/HD05/2291
unknown_images/1.png,normal
unknown_images/10.png,sick
unknown_images/11.png,normal
unknown_images/12.png,sick
unknown_images/13.png,normal
unknown_images/14.png,sick
unknown_images/15.png,normal
unknown_images/16.png,sick
unknown_images/17.png,normal
unknown_images/18.png,sick
unknown_images/19.png,normal
unknown_images/2.png,sick
unknown_images/20.png,sick
unknown_images/21.png,normal
unknown_images/22.png,sick
unknown_images/23.png,normal
unknown_images/24.png,sick
unknown_images/25.png,normal
unknown_images/26.png,sick
unknown_images/27.png,normal
unknown_images/28.png,sick
unknown_images/29.png,normal
unknown_images/3.png,normal
unknown_images/30.png,sick
unknown_images/31.png,normal
unknown_images/32.png,sick
unknown_images/33.png,normal
unknown_images/34.png,sick
unknown_images/35.png,normal
unknown_images/36.png,sick
unknown_images/37.png,normal
unknown_images/38.png,sick
unknown_images/39.png,normal
unknown_images/4.png,sick
unknown_images/40.png,sick
unknown_images/41.png,normal
unknown_images/42.png,sick
unknown_images/43.png,normal
unknown_images/44.png,sick
unknown_images/45.png,normal
unknown_images/46.png,sick
unknown_images/47.png,normal
unknown_images/48.png,sick
unknown_images/49.png,normal
unknown_images/5.png,normal
unknown_images/50.png,sick
unknown_images/6.png,sick
unknown_images/7.png,normal
unknown_images/8.png,sick
unknown_images/9.png,normal
